,MUNICIPIO,Nota_Redacao,Nota_CH,Nota_Mat,Nota_LC,Nota_CN,Nota_Media_Geral,Total_Inclusao_Digital,Taxa_Inclusao_Digital,Internet,Taxa_Internet,Computador,Taxa_Computador,Total_Alunos,Baixa_Estrutura,Alta_Estrutura,Taxa_Alunos,IDEB23,z_score_nota,z_score_IDEB23
0,Fortaleza,652.8841723630046,537.0333566222289,559.5189610848362,530.3826976094263,507.4690601880016,560.2225691153238,32283,0.434062978998037,66281,0.8911850915642563,32646,0.43894371689031114,74374,21807,5827,0.30679685340791435,4.398026315789475,2.122843912558501,-0.35451848394230523
1,Eusébio,638.6963434022258,525.4094594594594,547.209304274937,523.0166931637519,493.6170159262364,550.1032687447346,780,0.420032310177706,1790,0.9639203015616586,788,0.4243403338718363,1857,805,46,0.007660227455542218,4.7,1.7911131421242035,0.3517468078762923
2,Juazeiro do Norte,657.3865047605906,526.9898440734097,547.8481455064194,521.0314198978888,500.7772753209701,553.4225211530188,4033,0.40528590091448097,9068,0.9112651994774394,4088,0.4108129836197367,9951,2590,471,0.0410484240226713,4.725,1.8999248305158492,0.41021757277630594
3,Limoeiro do Norte,673.1088082901555,525.4869170984456,550.9567892976589,521.7891839378239,498.48033444816053,556.859530516432,811,0.3985257985257985,1881,0.9243243243243243,822,0.4039312039312039,2035,356,158,0.00839448727626732,4.85,2.012596825847533,0.7025713972763803
4,Sobral,653.2374848432357,523.0773774467349,557.019438483548,516.1194699463018,496.9835121602289,552.3257925072046,2953,0.3886037636531123,7023,0.9242005527043032,2976,0.3916304776944335,7599,2294,487,0.03134629425668568,5.047058823529412,1.863971886605743,1.163458602958851
5,Crato,653.8420526491169,525.9418860379874,536.3538699690403,519.0651782739087,500.8760921912625,549.3922141623489,1655,0.38283599352301645,3962,0.9164931760351608,1669,0.38607448531112654,4323,1388,189,0.017832613511205714,4.3,1.7678033602423249,-0.5837854305239465
6,Barbalha,623.8388923851479,513.6916928886092,522.4366645035691,508.7291378225299,490.38377676833227,533.6091015625,740,0.3435468895078923,1924,0.89322191272052,742,0.34447539461467036,2154,532,43,0.00888536884180826,4.4,1.250401572484714,-0.34990237092388576
7,Iguatu,634.1613198900092,514.4362511457379,531.2460227272728,509.36622364802935,487.23726325757576,537.3934189253448,915,0.3327272727272727,2449,0.8905454545454545,929,0.3378181818181818,2750,855,174,0.011343901724685568,4.8,1.3744590140439175,0.5856298674763509
8,Russas,634.8408163265306,519.8757551020409,549.6184210526316,517.9137959183673,491.09312393887944,544.9945609548167,524,0.30465116279069765,1563,0.9087209302325582,534,0.31046511627906975,1720,751,36,0.007095094896894246,5.175,1.6236395511634425,1.462691340976574
9,São João do Jaguaribe,554.0,483.51000000000005,501.83500000000004,497.6,467.88500000000005,500.966,7,0.30434782608695654,23,1.0,7,0.30434782608695654,23,23,0,9.487626897009747e-05,4.8,0.18029585033758522,0.5856298674763509
10,Crateús,632.5794291868606,510.55681206246635,516.1361233480176,505.57420570813144,481.4935022026431,531.0299391256226,718,0.2937806873977087,2166,0.886252045826514,732,0.2995090016366612,2444,899,57,0.01008163484186601,4.516666666666667,1.1658515037124488,-0.077038801390484
11,Tianguá,609.1466083150984,507.2999452954048,510.8848399775407,505.2783369803064,472.84329028635597,523.963995459705,692,0.2885738115095913,2100,0.8757297748123436,698,0.2910758965804837,2398,859,67,0.009891882303925814,4.533333333333334,0.9342158322432256,-0.0380582914571388
12,Ereré,589.0,476.78000000000003,448.37948717948717,485.8625,450.7205128205128,492.92974358974357,17,0.288135593220339,57,0.9661016949152542,18,0.3050847457627119,59,59,0,0.0002433782551841631,4.3,-0.08314860063750651,-0.5837854305239465
13,Itaiçaba,612.2666666666667,506.268,521.0223684210526,500.4266666666667,459.0,521.271891891892,23,0.2839506172839506,73,0.9012345679012346,23,0.2839506172839506,81,81,0,0.00033412946898164764,5.2,0.8459633288157069,1.5211621058765898
14,Tabuleiro do Norte,633.4736842105264,508.83210526315787,541.9113345521024,512.6780701754386,491.235466179159,540.9674128440366,227,0.2816377171215881,722,0.8957816377171216,229,0.2841191066997519,806,265,32,0.0033247944691260248,4.725,1.4916216352485387,0.41021757277630594
15,Pereiro,598.1286549707602,492.98830409356725,517.234705882353,488.521052631579,472.9141176470588,516.041775147929,53,0.2804232804232804,178,0.9417989417989417,53,0.2804232804232804,189,189,0,0.0007796354276238445,4.3,0.67450971113491,-0.5837854305239465
16,Varjota,643.0204081632653,510.2369387755102,529.9755230125522,504.629387755102,481.31694560669456,535.5882105263158,175,0.2764612954186414,562,0.8878357030015798,176,0.27804107424960506,633,150,0,0.002611159924263987,4.8,1.3152806962676389,0.5856298674763509
17,São Benedito,631.6243264049268,502.5468822170901,503.56309523809523,502.05550423402616,476.49,524.674032,439,0.27471839799749687,1437,0.8992490613266583,443,0.2772215269086358,1598,585,6,0.006591838165835468,4.720000000000001,0.9574922406828008,0.3985234197963053
18,Bela Cruz,614.3099787685775,502.076220806794,518.3267973856209,500.5416135881104,476.8686274509804,523.1579824561404,149,0.27140255009107467,464,0.8451730418943534,152,0.2768670309653916,549,69,19,0.0022646552897645006,5.133333333333334,0.9077931246586539,1.3652400661432174
19,Quixadá,577.8153289076645,507.6566686783343,514.0065231158961,507.97085093542546,480.5975300823306,520.4850063532401,643,0.2678050812161599,1913,0.7967513536026656,655,0.2728029987505206,2401,723,94,0.009904257469443654,4.1000000000000005,0.8201676575320224,-1.0515515497240637
20,Maracanaú,590.949126803341,508.66679321690714,504.22478969505784,509.1237914452038,474.31871713985277,519.8328820729772,1564,0.2641891891891892,4959,0.8376689189189189,1625,0.27449324324324326,5920,2603,135,0.024420326621868566,4.488235294117648,0.7987897280321463,-0.14353496539442015
21,Caucaia,584.319871408479,505.62612015270247,503.3560700876095,505.72983725135623,474.1287025448477,517.168156846299,1910,0.26139318461749006,6351,0.8691665526207746,1930,0.2641302860270973,7307,2714,170,0.030141778146282706,4.225,0.7114347410203118,-0.7591977252239915
22,Pacatuba,626.8224299065421,510.1034579439252,514.039573229874,510.60018691588783,478.71425800193987,529.8180194174757,397,0.2588005215123859,1275,0.8311603650586702,401,0.26140808344198174,1534,699,0,0.00632783463478824,4.683333333333334,1.1261223679258947,0.3127662979429492
23,Tauá,601.2248803827752,506.93186602870816,526.25,505.461052631579,474.99612326043734,527.2132734530937,382,0.2568930733019502,1330,0.8944182918628111,387,0.26025554808338935,1487,552,67,0.006133957041675432,4.52,1.040733620294545,-0.0692426994038162
24,Farias Brito,610.0581395348837,497.731976744186,527.4583832335329,494.77441860465115,479.8374251497006,524.0906906906907,135,0.25616698292220114,468,0.888045540796964,138,0.2618595825426945,527,223,0,0.002173904075967016,4.7,0.9383691536237644,0.3517468078762923
25,Aracati,582.1934688847813,494.4057917436845,504.25757188498403,498.7723967960567,470.7738658146965,512.8894858611825,542,0.2559017941454202,1944,0.9178470254957507,548,0.2587346553352219,2118,797,63,0.008736866855594194,5.075,0.5711714055773977,1.2288082813765153
26,Brejo Santo,626.6424682395644,504.89709618874775,519.7270676691729,500.5818511796733,485.70820802005017,529.8336432160804,537,0.24953531598513012,1601,0.7439591078066915,549,0.25511152416356875,2152,441,37,0.008877118731463034,4.333333333333333,1.1266345470843773,-0.5058244106572602
27,Barro,635.5140186915888,509.4930841121495,519.5303088803089,502.13831775700936,482.43610038610035,530.1249612403101,164,0.2488619119878604,573,0.8694992412746586,169,0.2564491654021244,659,221,0,0.002718411358751923,4.8,1.1361845306879845,0.5856298674763509
28,Morada Nova,620.4618473895582,504.24618473895583,514.887328405491,502.96385542168673,479.3042238648363,526.8869279661017,331,0.24775449101796407,1237,0.9258982035928144,336,0.25149700598802394,1336,496,0,0.005511073710610879,4.8999999999999995,1.0300353668715834,0.8195129270764097
29,Nova Olinda,578.8888888888889,493.7687242798354,496.94395833333334,489.25144032921816,464.2058333333333,505.68158995815895,144,0.2440677966101695,529,0.8966101694915254,150,0.2542372881355932,590,258,0,0.0024337825518416308,4.6,0.3348822577555133,0.11786374827623156
30,Pacajus,587.4581005586592,506.51166201117314,520.0205278592375,507.1469273743017,476.25960410557184,522.0039823659074,455,0.243576017130621,1667,0.8923982869379015,458,0.24518201284796573,1868,639,52,0.0077056030624409605,4.975,0.8699627090177795,0.9949252217764547
31,Pacujá,665.7575757575758,509.5916666666667,522.4702290076336,486.455303030303,481.17557251908397,534.1963358778626,34,0.24285714285714285,136,0.9714285714285714,34,0.24285714285714285,140,140,0,0.0005775077241658108,5.35,1.269652280016518,1.8719866952766777
32,Ubajara,602.5425652667424,504.97003405221335,513.848079161816,502.2253121452894,474.14481955762517,520.9723887587821,265,0.23724261414503134,1020,0.9131602506714414,266,0.23813786929274844,1117,480,18,0.004607686627808647,4.95,0.8361450210814311,0.936454456876441
33,Milhã,489.7674418604651,471.9139534883721,491.7174418604651,471.2476744186047,462.29418604651164,479.41999999999996,22,0.23404255319148937,92,0.9787234042553191,22,0.23404255319148937,94,87,7,0.00038775518622561576,4.3,-0.5260248356804719,-0.5837854305239465
34,Marco,612.8476821192053,483.5837748344371,511.9920814479638,486.1899558498896,462.1764705882353,514.0104109589041,254,0.23388581952117865,811,0.7467771639042358,259,0.23848987108655617,1086,326,18,0.004479809917457646,4.866666666666666,0.607917557252771,0.7415519072097234
35,Jardim,593.0856553147574,500.47874097007224,505.33098739495796,493.4265221878225,471.9512605042017,514.1895478443744,278,0.23166666666666666,1028,0.8566666666666667,284,0.23666666666666666,1200,230,0,0.00495006620713552,4.5,0.6137900202545573,-0.1160193113238271
36,Itapajé,600.9486780715397,502.02239502332816,517.9092125984251,500.6613530326594,474.8485039370079,521.9702711323764,363,0.23135755258126195,1124,0.7163798597833014,367,0.23390694710006374,1569,735,0,0.006472211565829693,5.125,0.8688575878076187,1.3457498111765447
37,Hidrolândia,671.1749347258485,500.4378590078329,519.7241935483871,504.9417754569191,479.2663978494624,539.2132240437159,108,0.23126338329764454,413,0.8843683083511777,109,0.2334047109207709,467,210,0,0.0019264007656102401,4.8,1.4341158412799246,0.5856298674763509
38,Várzea Alegre,565.2104208416833,494.0271543086172,499.51905737704914,490.8248496993988,467.3506147540984,504.9012320328542,284,0.2297734627831715,1102,0.8915857605177994,288,0.23300970873786409,1236,422,1,0.005098568193349586,4.5,0.3093005746059314,-0.1160193113238271
39,Guaraciaba do Norte,640.9850483729111,503.767018469657,512.5778276481149,499.945382585752,476.8897666068222,528.3329422382672,318,0.22943722943722944,1252,0.9033189033189033,319,0.23015873015873015,1386,553,14,0.005717326469241526,4.966666666666666,1.0774385875486383,0.975434966809782
40,Quixeramobim,570.3240391861341,493.2998492840995,503.75830085736555,497.8660889223813,472.95050662509743,510.34499999999997,417,0.22937293729372937,1329,0.731023102310231,420,0.23102310231023102,1818,968,28,0.007499350303810314,4.3125,0.4877581038492958,-0.5545500480739387
41,Milagres,606.6910866910866,504.5238095238095,504.6843161856964,498.29413919413923,471.6647427854454,519.2987121212121,226,0.22828282828282828,870,0.8787878787878788,227,0.2292929292929293,990,312,9,0.0040838046208868045,4.6,0.7812785757634679,0.11786374827623156
42,Aurora,682.0717131474104,502.48864541832666,513.3601226993865,493.68266932270916,475.5257668711657,536.7535550935551,150,0.22624434389140272,548,0.8265460030165912,154,0.23227752639517346,663,170,0,0.002734911579442375,4.7,1.3534830064031549,0.3517468078762923
43,Missão Velha,595.6379821958457,492.1741839762612,497.5524691358025,488.3639465875371,473.47577160493825,511.98876543209883,196,0.22580645161290322,773,0.8905529953917051,197,0.2269585253456221,868,334,4,0.0035805478898280263,3.7,0.5416440004265181,-1.9870837881243026
44,Senador Pompeu,581.9753086419753,506.44506172839505,524.7816017316018,510.43477366255144,473.9963203463203,523.5475921908894,135,0.22425249169435216,566,0.9401993355481728,138,0.2292358803986711,602,288,0,0.002483283213912986,5.0,0.9205653058118716,1.0533959866764704
45,Maranguape,591.7948717948718,501.4450281425891,510.4738341968912,501.14383989993746,474.8312176165803,518.0538621586476,472,0.2238027501185396,1799,0.8530109056424846,480,0.22759601706970128,2109,620,79,0.008699741359040678,4.628571428571428,0.7404699208136791,0.18468747959053403
46,Itaitinga,574.3100995732575,494.6822190611664,510.34745269286753,496.45234708392604,465.077729257642,510.0740588235294,219,0.2236976506639428,912,0.9315628192032687,221,0.2257405515832482,979,590,0,0.004038429013988062,4.6499999999999995,0.4788761137984639,0.2348052780762609
47,Solonópole,543.3245382585752,483.20976253298153,496.4560224089636,485.8097625329815,462.36890756302523,496.6707865168539,106,0.2231578947368421,442,0.9305263157894736,106,0.2231578947368421,475,151,0,0.0019594012069911433,4.1,0.03949021894383487,-1.051551549724066
48,Aquiraz,604.3986254295532,495.6191580756013,502.632865907099,497.41176975945024,468.19833479404036,514.5483128295255,353,0.21723076923076923,1238,0.7618461538461538,359,0.22092307692307692,1625,906,30,0.006703214655496018,4.5875,0.625551049235861,0.08862836582622578
49,Jucás,572.0557491289198,487.89599303135884,518.910752688172,491.72961672473866,469.6695340501792,509.54698010849904,154,0.2153846153846154,657,0.9188811188811189,159,0.22237762237762237,715,269,0,0.0029494144484182474,4.7,0.46159742635830026,0.3517468078762923
50,Cariré,625.7654723127035,508.4224755700326,527.8352066115702,507.7285016286645,485.69619834710744,531.9088480801336,165,0.21484375,712,0.9270833333333334,166,0.21614583333333334,768,223,0,0.003168042372566733,5.05,1.1946638853933917,1.1703375164764998
51,Caririaçu,629.6795952782462,508.8266441821248,518.0939446366782,498.5893760539629,474.366955017301,528.6294974003466,178,0.21342925659472423,611,0.7326139088729017,183,0.21942446043165467,834,408,0,0.003440296013959187,4.633333333333333,1.0871602549357249,0.19582476814291777
52,Mauriti,592.4062214089662,489.43659652333025,492.94926199261994,485.0821591948765,467.4222324723247,506.413234476367,272,0.21200311769290725,1119,0.8721745908028059,276,0.2151208106001559,1283,494,0,0.005292445786462394,4.4,0.35886701864022763,-0.34990237092388576
53,Nova Russas,567.0611057225995,487.5356935014549,489.2467455621302,491.092046556741,465.2627218934912,501.54762762762766,267,0.2119047619047619,1119,0.888095238095238,271,0.2150793650793651,1260,416,15,0.005197569517492296,4.533333333333334,0.19936275950648052,-0.0380582914571388
54,Acopiara,575.2806652806653,484.2055093555094,491.31243301178995,485.5493762993763,462.4441586280815,503.06030237580995,253,0.21171548117154812,976,0.8167364016736401,256,0.21422594142259413,1195,541,33,0.004929440931272456,4.8,0.24895124302352803,0.5856298674763509
55,Forquilha,574.5590994371482,495.77223264540334,520.2275929549902,494.3900562851783,472.7283757338552,514.203536345776,148,0.21022727272727273,615,0.8735795454545454,151,0.21448863636363635,704,257,0,0.0029040388415195054,4.65,0.6142485911218348,0.23480527807626297
56,Ipu,613.2145886344359,498.0130619168787,507.8089877835951,496.0558100084818,474.5047993019197,521.2311660777385,312,0.2101010101010101,1190,0.8013468013468014,316,0.2127946127946128,1485,543,35,0.006125706931330206,5.62,0.8446282557166854,2.5034709561968396
57,Ibiapina,587.984496124031,497.16298449612407,487.5563492063492,492.88662790697674,462.34305555555557,508.4233266533066,137,0.2066365007541478,543,0.8190045248868778,140,0.21116138763197587,663,216,0,0.002734911579442375,4.15,0.42476183370453285,-0.9346100199240345
58,Jaguaribe,565.3562653562653,497.6707616707617,503.8948148148148,494.24815724815727,474.11555555555555,510.1069620253165,214,0.20517737296260785,789,0.7564717162032598,218,0.20901246404602108,1043,341,58,0.00430243254503529,4.26,0.4799547461227204,-0.6773386543639703
59,Paracuru,575.2655889145497,490.60219399538107,504.18624401913877,497.53187066974596,469.1723684210526,509.1628950542822,212,0.20463320463320464,785,0.7577220077220077,214,0.20656370656370657,1036,478,4,0.004273557158826999,4.933333333333334,0.4490063552089588,0.8974739469430979
60,Mombaça,584.1206030150754,499.4837520938023,511.4131348511384,496.3763819095478,470.8970227670753,516.9323049645391,177,0.20321469575200918,703,0.8071182548794489,180,0.2066590126291619,871,343,0,0.003592923055345865,4.425,0.703703047762941,-0.29143160602387214
61,Camocim,560.197628458498,496.42279314888015,499.6757534246575,497.97364953886694,466.36123287671234,506.77373010380626,395,0.20277207392197125,1711,0.8783367556468172,400,0.2053388090349076,1948,883,0,0.008035607476249994,4.8999999999999995,0.37068478151405154,0.8195129270764097
62,Icapuí,567.157464212679,489.7085889570552,488.42887473460723,494.8439672801636,463.22972399150746,502.71259574468087,137,0.2011747430249633,594,0.8722466960352423,138,0.2026431718061674,681,272,0,0.0028091625725494077,4.0,0.2375527288569949,-1.2854346093241247
63,Cruz,558.0803571428571,490.39687499999997,522.1643181818182,493.10625,467.5375,508.44429223744294,107,0.20112781954887218,463,0.8703007518796992,107,0.20112781954887218,532,267,0,0.002194529351830081,4.65,0.42544912720541167,0.23480527807626297
64,Coreaú,574.9376114081997,498.75864527629227,519.1996402877697,492.85508021390376,464.17733812949643,511.97083333333336,144,0.200836820083682,635,0.8856345885634589,147,0.20502092050209206,717,215,0,0.0029576645587634735,4.25,0.5410561506028028,-0.7007269603239759
65,Alto Santo,475.38461538461536,473.2750915750916,468.6352059925094,476.10659340659345,452.7625468164794,469.64935849056604,74,0.2005420054200542,331,0.8970189701897019,74,0.2005420054200542,369,169,0,0.0015221453586941726,4.75,-0.8463258759561543,0.4686883376763216
66,Araripe,578.5573770491803,494.1796721311475,507.9197654941373,492.4813114754098,462.62596314907876,508.38709677419354,148,0.19786096256684493,624,0.8342245989304813,152,0.20320855614973263,748,227,0,0.0030855412691144744,4.65,0.42357414628833023,0.23480527807626297
67,Itapipoca,584.6332794830372,486.22012924071083,495.91490909090913,489.49647819063006,464.6764297520661,506.019381031614,750,0.19654088050314467,2860,0.749475890985325,777,0.20361635220125787,3816,1795,71,0.015741210538690955,4.622222222222223,0.34595572024198584,0.16983776152069113
68,Horizonte,581.3950177935943,503.2743060498221,507.4050482553823,506.74804270462636,469.2890126206385,516.0396423248882,366,0.1949920085242408,1574,0.838572189664358,373,0.19872136387852957,1877,617,18,0.0077427285589944765,4.8,0.6744397929582948,0.5856298674763509
69,Jijoca de Jericoacoara,602.9725829725829,491.0937950937951,532.5206586826347,496.47056277056276,469.8705089820359,520.6252359208524,163,0.19474313022700118,790,0.9438470728793309,165,0.1971326164874552,837,298,0,0.0034526711794770253,4.9,0.8247646613562102,0.8195129270764117
70,Campos Sales,602.56,496.106,496.8593006993007,492.02066666666667,466.986013986014,514.8464055944056,168,0.19399538106235567,753,0.8695150115473441,174,0.20092378752886836,866,282,0,0.0035722977794828007,4.533333333333334,0.6353231222975508,-0.0380582914571388
71,Assaré,566.099518459069,491.9060995184591,500.3702479338843,492.89117174959875,463.0031404958678,505.27124792013313,156,0.1935483870967742,697,0.8647642679900744,157,0.19478908188585609,806,257,0,0.0033247944691260248,4.233333333333333,0.32143043051145676,-0.739707470257319
72,Cascavel,614.4747612551159,501.3982946793997,512.2256284916201,502.5667803547067,474.7266759776536,523.046512605042,359,0.19269994632313472,1568,0.8416532474503489,367,0.19699409554482017,1863,770,13,0.007684977786577896,4.76,0.9041389214794959,0.4920766436363271
73,Acarape,582.1511627906976,476.37848837209305,468.6348348348348,481.125,457.4471471471471,493.6942342342342,83,0.19212962962962962,371,0.8587962962962963,83,0.19212962962962962,432,103,0,0.0017820238345687873,4.5,-0.0580870784769653,-0.1160193113238271
74,Independência,571.3937282229965,483.83397212543554,484.60849557522124,483.1315331010453,453.47274336283186,496.4085053380783,128,0.187683284457478,624,0.9149560117302052,130,0.1906158357771261,682,271,9,0.002813287627722021,5.599999999999999,0.03089212082249437,2.4566943442768245
75,Cedro,551.2589928057554,469.6656474820144,475.9975881261596,476.99982014388496,460.1014842300557,488.6682899628252,132,0.18696883852691218,586,0.830028328611898,133,0.18838526912181303,706,243,70,0.002912288951864731,4.7,-0.22284751687249685,0.3517468078762923
76,Jaguaretama,517.68,483.01840000000004,501.84273858921165,491.52279999999996,456.8124481327801,493.26276150627615,58,0.1864951768488746,274,0.8810289389067524,60,0.19292604501607716,311,138,0,0.0012828921586826225,4.15,-0.07223161171791134,-0.9346100199240345
77,Banabuiú,507.27272727272725,482.04814814814813,484.63309608540925,487.61851851851856,454.1291814946619,488.2336996336996,86,0.18614718614718614,402,0.8701298701298701,88,0.19047619047619047,462,220,0,0.0019057754897471753,4.0,-0.23709425127353764,-1.2854346093241247
78,Santa Quitéria,541.0358565737051,478.2934262948207,486.9469325153374,481.36185258964144,456.76901840490797,491.4491058581706,222,0.18423236514522823,1106,0.9178423236514522,225,0.18672199170124482,1205,571,6,0.004970691482998585,4.5600000000000005,-0.1316868471012978,0.02431052443620976
79,Redenção,555.0398179749716,479.083731513083,477.094619883041,487.3450511945392,452.9374269005848,492.1844680851064,208,0.184070796460177,941,0.8327433628318585,210,0.18584070796460178,1130,462,10,0.004661312345052615,4.775,-0.10758021233841498,0.5271591025763374
80,Baturité,575.3470919324578,489.671669793621,490.0182083739046,490.73133208255155,465.49844206426485,505.38485798237025,246,0.181549815498155,1138,0.8398523985239852,250,0.18450184501845018,1355,426,26,0.005589449758890525,5.233333333333333,0.3251547940637576,1.599123125743276
81,Lavras da Mangabeira,600.7772795216741,479.31464872944696,481.4074850299401,483.30194319880417,458.21227544910175,503.0469831546707,155,0.1808634772462077,695,0.8109684947491248,156,0.18203033838973162,857,286,0,0.0035351722829292842,4.566666666666666,0.24851461249292908,0.03990272840954534
82,São Gonçalo do Amarante,555.3244837758112,477.3098820058997,492.27346938775514,483.18325958702064,454.1766439909297,494.25083841463413,336,0.17967914438502675,1484,0.7935828877005348,345,0.18449197860962566,1870,744,6,0.007713853172786186,4.6,-0.03984048762295129,0.11786374827623156
83,Ipueiras,584.0401505646173,482.1460476787955,482.36036036036035,483.5828105395232,459.16615186615184,502.103671875,177,0.17717717717717718,905,0.9059059059059059,180,0.18018018018018017,999,459,0,0.004120930117440321,5.35,0.21759099464341572,1.8719866952766777
84,Porteiras,595.7493188010899,487.1269754768393,499.910393258427,483.8179836512262,464.8331460674157,508.451954674221,85,0.17671517671517672,409,0.8503118503118503,86,0.1787941787941788,481,120,0,0.001984151538026821,3.9,0.42570031710616546,-1.5193176689241843
85,Uruoca,534.6753246753246,484.78084415584414,497.66153846153844,485.387012987013,457.97658862876256,491.58528428093643,68,0.17571059431524547,276,0.7131782945736435,69,0.17829457364341086,387,166,0,0.0015963963518012053,4.2,-0.12722264785369577,-0.8176684901240052
86,Santana do Cariri,562.1834061135371,482.189519650655,485.7147465437788,477.37161572052406,461.49907834101384,496.89814814814815,61,0.1742857142857143,158,0.4514285714285714,64,0.18285714285714286,350,176,0,0.001443769310414527,3.6,0.046943584923131464,-2.2209668477243625
87,Ocara,498.504347826087,482.5241739130435,484.3929203539823,483.8052173913043,454.5017699115044,482.0472432432432,137,0.17407878017789072,719,0.9135959339263025,138,0.17534942820838628,787,334,0,0.0032464184208463786,4.3999999999999995,-0.4398985825521015,-0.3499023709238878
88,Boa Viagem,536.9326424870467,477.96269430051814,489.4614316239317,480.8987564766839,457.69561965811965,492.06289445048964,215,0.17366720516962844,1087,0.8780290791599353,215,0.17366720516962844,1238,552,27,0.005106818303694812,4.65,-0.1115656376147643,0.23480527807626297
89,Pedra Branca,525.2662721893491,485.10798816568047,487.7610492845787,486.64201183431953,463.514626391097,494.8754166666667,157,0.17252747252747253,840,0.9230769230769231,161,0.17692307692307693,910,481,0,0.0037538002070777697,4.45,-0.01936557165490162,-0.23296084112385643
90,Iracema,621.1392405063291,506.31835443037977,510.0318936877077,505.70537974683543,471.83920265780733,526.7449169435216,77,0.1711111111111111,400,0.8888888888888888,79,0.17555555555555555,450,171,0,0.0018562748276758202,4.8,1.0253799634142888,0.5856298674763509
91,Santana do Acaraú,582.9144385026738,483.7364973262032,492.2791268758526,482.4938502673797,461.67980900409276,502.837217630854,151,0.16759156492785793,772,0.8568257491675916,155,0.17203107658157601,901,227,17,0.0037166747105242533,4.2,0.24163808187540575,-0.8176684901240052
92,Jaguaruana,618.0437284234753,503.209666283084,514.3407628128725,501.60333716915994,484.4952324195471,526.5750780312125,184,0.16531895777178796,935,0.8400718778077269,186,0.16711590296495957,1113,325,14,0.004591186407118196,4.733333333333333,1.0198123064452567,0.4297078277429785
93,Barreira,552.8205128205128,487.1461538461538,490.50882352941176,490.0430769230769,458.6665775401069,498.18900804289547,95,0.1643598615916955,489,0.8460207612456747,98,0.1695501730103806,578,242,5,0.0023842818897702755,3.9,0.0892605368590415,-1.5193176689241843
94,Viçosa do Ceará,570.1434159061278,491.5678617992177,499.4943008614977,491.5567144719687,465.38528827037777,505.6448048452221,320,0.16351558507920286,1416,0.7235564639754727,325,0.1660705160960654,1957,784,7,0.00807273297280351,4.800000000000001,0.3336763686714694,0.585629867476353
95,Deputado Irapuan Pinheiro,467.8125,469.5171875,462.2903225806452,458.421875,450.4596774193548,462.3783870967742,13,0.1625,79,0.9875,13,0.1625,80,80,0,0.0003300044138090347,4.2,-1.084682763679199,-0.8176684901240052
96,Icó,560.5899705014749,486.4778761061947,488.30899390243906,488.28864306784664,466.9016006097561,500.26703363914373,280,0.16101207590569291,1439,0.8274870615296147,282,0.16216216216216217,1739,644,1,0.007173470945173892,4.574999999999999,0.1573823443734365,0.05939298337621586
97,Uruburetama,580.4081632653061,489.30888355342137,491.0781862745098,494.81152460984396,466.1719362745098,506.9398004987531,160,0.1596806387225549,620,0.6187624750499002,243,0.24251497005988024,1002,367,0,0.00413330528295816,4.8,0.3761288989969311,0.5856298674763509
98,Groaíras,505.64102564102564,467.49871794871797,491.93243243243245,478.75512820512824,456.8662162162162,486.152972972973,15,0.15625,91,0.9479166666666666,17,0.17708333333333334,96,96,0,0.0003960052965708416,4.8,-0.30530460504781026,0.5856298674763509
99,Carnaubal,505.9550561797753,466.23707865168535,457.0920454545454,471.97752808988764,448.32102272727275,472.58231213872835,30,0.15228426395939088,185,0.9390862944162437,30,0.15228426395939088,197,197,0,0.000812635869004748,4.65,-0.750177828391448,0.23480527807626297
100,Aratuba,545.776397515528,462.69565217391306,457.3875,469.9531055900621,449.57948717948716,477.30711538461543,63,0.15035799522673032,367,0.8758949880668258,64,0.15274463007159905,419,160,0,0.0017283981173248193,4.15,-0.5952893910975051,-0.9346100199240345
101,Canindé,594.7154929577465,498.328338028169,514.142377869335,501.376338028169,469.25085344320183,519.1475710900473,341,0.14995602462620933,1609,0.7075637642919965,351,0.15435356200527706,2274,794,16,0.00938037546252181,5.0200000000000005,0.7763238724859317,1.1001725985964834
102,Massapê,578.6040609137056,482.98946700507616,489.25702917771883,483.43769035533,462.2208222811671,502.10162234042554,160,0.14925373134328357,847,0.7901119402985075,162,0.15111940298507462,1072,441,0,0.004422059145041065,4.366666666666666,0.2175238068282001,-0.42786339079057406
103,Tamboril,540.7806691449814,482.2674721189591,476.68983050847453,487.1566914498141,456.0939736346516,491.2812903225806,112,0.14854111405835543,634,0.8408488063660478,113,0.14986737400530503,754,328,0,0.003110291600150152,4.066666666666666,-0.13718817376157777,-1.1295125695907522
104,Palmácia,579.5215311004785,468.01866028708133,466.3430693069307,468.9526315789474,446.0688118811881,488.2023762376238,35,0.1483050847457627,193,0.8177966101694916,35,0.1483050847457627,236,236,0,0.0009735130207366524,4.55,-0.2381210944279356,0.0009222184762022305
105,Meruoca,461.5686274509804,459.8166666666667,448.9414141414141,456.23235294117643,433.67070707070707,454.9559595959596,21,0.14788732394366197,133,0.9366197183098591,21,0.14788732394366197,142,142,0,0.0005857578345110366,4.4,-1.3280046834923727,-0.34990237092388576
106,Acaraú,682.6198630136986,498.6480308219178,521.5647936786655,496.29674657534247,475.04310798946443,537.8180884955751,203,0.14346289752650176,1218,0.8607773851590106,205,0.14487632508833923,1415,696,18,0.005836953069247301,4.966666666666667,1.3883805262585314,0.9754349668097841
107,Granja,522.542372881356,477.68144067796607,478.3935008665511,475.80169491525425,453.4011265164645,483.1163811188811,207,0.14295580110497239,1129,0.7796961325966851,211,0.1457182320441989,1448,830,0,0.005973079889943528,4.4399999999999995,-0.4048501189036998,-0.25634914708386397
108,Alcântaras,594.7368421052631,485.1305263157895,508.3763440860215,485.0694736842105,470.43978494623656,510.92279569892474,18,0.14285714285714285,113,0.8968253968253969,18,0.14285714285714285,126,126,0,0.0005197569517492297,4.6,0.5066993947823148,0.11786374827623156
109,Novo Oriente,578.9574759945131,484.59849108367627,501.07071129707117,483.28244170096025,459.08451882845185,503.88857954545455,128,0.1419068736141907,728,0.8070953436807096,130,0.14412416851441243,902,356,0,0.003720799765696866,6.050000000000001,0.2761038142050217,3.509168112477097
110,Quixeré,578.7878787878788,478.0927272727273,467.1647798742138,477.65999999999997,451.86352201257864,494.3314465408805,34,0.14107883817427386,216,0.8962655601659751,34,0.14107883817427386,241,241,0,0.000994138296599717,4.55,-0.03719799309826134,0.0009222184762022305
111,Poranga,536.4705882352941,446.8426470588235,449.6903703703704,443.52647058823527,440.2207407407408,465.55593984962405,22,0.14102564102564102,139,0.8910256410256411,22,0.14102564102564102,156,156,0,0.0006435086069276176,4.15,-0.9805162715112106,-0.9346100199240345
112,Granjeiro,629.5454545454545,461.09090909090907,451.86279069767437,477.43409090909086,440.5581395348837,496.1728571428571,9,0.140625,46,0.71875,10,0.15625,64,64,0,0.00026400353104722774,4.6,0.023167104814530652,0.11786374827623156
113,Caridade,568.821752265861,480.7250755287009,494.5544891640867,485.16963746223564,457.7989164086687,499.64400625978095,113,0.13814180929095354,616,0.7530562347188264,115,0.14058679706601468,818,222,0,0.0033742951311973796,4.566666666666666,0.13695826909266276,0.03990272840954534
114,Barroquinha,564.931506849315,489.65205479452055,482.03361581920905,485.46767123287674,457.2641242937853,498.42073863636364,62,0.13777777777777778,387,0.86,66,0.14666666666666667,450,233,0,0.0018562748276758202,4.5,0.09685712609833463,-0.1160193113238271
115,Pentecoste,584.2937853107345,496.2781920903955,506.18416184971096,498.1587570621469,469.52508670520234,513.33475029036,152,0.13755656108597286,818,0.7402714932126697,155,0.14027149321266968,1105,406,0,0.0045581859657372915,4.766666666666667,0.585768058184662,0.5076688476096648
116,Potiretama,540.3703703703703,468.77222222222224,465.66249999999997,474.6259259259259,470.20714285714286,484.0814814814815,9,0.13636363636363635,57,0.8636363636363636,9,0.13636363636363635,66,66,0,0.0002722536413924536,4.7,-0.37321221162679624,0.3517468078762923
117,Parambu,501.5648854961832,476.9064885496183,470.08727984344426,476.0965648854962,452.5880626223092,476.938406374502,89,0.13587786259541984,569,0.8687022900763359,90,0.13740458015267176,655,385,0,0.0027019111380614715,4.466666666666666,-0.6073764049731367,-0.1939803311905154
118,Chaval,617.2789115646259,493.2200680272109,481.5986254295533,497.8081632653061,462.18487972508586,511.0247586206896,51,0.1356382978723404,327,0.8696808510638298,52,0.13829787234042554,376,124,0,0.001551020744902463,4.5,0.5100419419302483,-0.1160193113238271
119,Umari,556.0,489.60400000000004,476.32708333333335,487.454,448.68333333333334,495.66124999999994,13,0.13541666666666666,91,0.9479166666666666,13,0.13541666666666666,96,96,0,0.0003960052965708416,4.3,0.0063956062479941424,-0.5837854305239465
120,Ipaumirim,554.3478260869565,458.2880434782609,468.5511111111111,459.3239130434783,455.3877777777778,481.91377777777774,18,0.1323529411764706,127,0.9338235294117647,18,0.1323529411764706,136,136,0,0.000561007503475359,4.3,-0.4442738456694915,-0.5837854305239465
121,Trairi,540.1017811704835,479.43706530958445,486.69385813148784,484.737743850721,457.5681660899654,491.16194782608693,188,0.13146853146853146,1235,0.8636363636363636,193,0.13496503496503495,1430,551,0,0.005898828896836495,4.58,-0.1411004578975904,0.07108713635622066
122,Itarema,590.3023255813954,484.0293023255814,495.5369230769231,485.8406976744186,461.5184615384615,504.9876463560334,136,0.13089509143407121,870,0.8373435996150145,139,0.13378248315688163,1039,599,15,0.004285932324344838,4.58,0.31213340780140747,0.07108713635622066
123,Reriutaba,569.4560669456067,475.3807531380753,500.6560344827586,474.92384937238495,470.6280172413793,502.7131601731602,36,0.13043478260869565,239,0.8659420289855072,36,0.13043478260869565,276,276,0,0.0011385152276411697,5.0,0.23757123194391236,1.0533959866764704
124,Quiterianópolis,520.093896713615,480.3359154929578,472.2861985472155,487.4490610328638,447.0167070217918,485.9665508684863,68,0.1297709923664122,434,0.8282442748091603,68,0.1297709923664122,524,192,0,0.0021615289104491772,4.2,-0.31141589200269526,-0.8176684901240052
125,Irauçuba,574.3809523809524,485.6666666666667,500.8882951653944,485.0028571428572,460.75063613231555,505.73132653061225,88,0.12753623188405797,507,0.7347826086956522,90,0.13043478260869565,690,377,0,0.002846288069102924,4.2,0.33651272141351946,-0.8176684901240052
126,Penaforte,516.0493827160494,454.9913580246914,453.22625,462.06419753086413,437.0775,466.192,13,0.1262135922330097,97,0.941747572815534,13,0.1262135922330097,103,103,0,0.00042488068277913215,4.4,-0.9596649561040681,-0.34990237092388576
127,Senador Sá,465.77319587628864,446.3525773195876,440.48526315789474,440.18144329896904,421.01473684210526,446.6402150537634,16,0.125,126,0.984375,16,0.125,128,128,0,0.0005280070620944555,4.4,-1.6006113106990423,-0.34990237092388576
128,Martinópole,448.0536912751678,461.76040268456376,460.00680272108843,465.3208053691275,440.5530612244898,456.31360544217694,20,0.12269938650306748,124,0.7607361963190185,20,0.12269938650306748,163,163,0,0.0006723839931359082,4.6,-1.2834983553818282,0.11786374827623156
129,Monsenhor Tabosa,525.4246575342465,469.21999999999997,469.51623931623936,477.92904109589045,444.46153846153845,480.80693409742116,67,0.12248628884826325,432,0.7897623400365631,73,0.13345521023765997,547,264,0,0.0022564051794192745,4.5,-0.4805583805077077,-0.1160193113238271
130,Aracoiaba,584.3351955307263,481.07452513966484,483.99600456621005,485.2882681564246,456.4045662100457,498.9852183908046,129,0.12227488151658768,820,0.7772511848341233,131,0.12417061611374408,1055,382,0,0.004351933207106645,4.533333333333333,0.11536189391602968,-0.03805829145714088
131,Mucambo,414.0425531914894,463.00957446808513,471.3888888888889,470.0755319148936,446.6766666666667,454.51800000000003,16,0.12030075187969924,122,0.9172932330827067,17,0.12781954887218044,133,133,0,0.0005486323379575202,4.3,-1.3423618691540433,-0.5837854305239465
132,Pacoti,534.9460043196544,465.8537796976242,459.86426966292134,471.5565874730022,447.59258426966295,478.8520833333333,72,0.12,427,0.7116666666666667,72,0.12,600,83,0,0.00247503310356776,4.3,-0.5446422723091299,-0.5837854305239465
133,Pindoretama,558.0454545454545,480.4722727272727,472.0818181818182,483.24704545454546,454.83947368421053,493.669375,70,0.11945392491467577,309,0.5273037542662116,71,0.12116040955631399,586,278,0,0.002417282331151179,4.1,-0.058902013563672494,-1.051551549724066
134,Altaneira,380.55555555555554,419.6361111111111,444.9032258064516,442.5138888888889,433.50967741935483,437.06,8,0.11940298507462686,60,0.8955223880597015,8,0.11940298507462686,67,67,0,0.00027637869656506656,3.8,-1.9146697934324817,-1.753200728524244
135,Aiuaba,460.0,442.1322916666666,449.5561797752809,435.34791666666666,423.9561797752809,444.56295454545455,14,0.112,106,0.848,15,0.12,125,125,0,0.0005156318965766167,4.300000000000001,-1.6687080371107634,-0.5837854305239444
136,Madalena,561.9217081850534,477.7167259786477,475.68985507246373,482.3900355871886,452.8329710144927,491.13207272727277,49,0.11161731207289294,215,0.489749430523918,50,0.11389521640091116,439,208,0,0.001810899220777078,3.8,-0.14207982299038138,-1.753200728524244
137,Orós,513.1360946745563,487.5967455621302,483.3794392523364,486.4810650887574,462.3034267912772,488.7966666666667,44,0.10891089108910891,229,0.5668316831683168,47,0.11633663366336634,404,152,0,0.0016665222897356252,4.0,-0.21863907347112108,-1.2854346093241247
138,Paraipaba,571.8840579710145,494.0582125603865,509.78531553398057,488.8985507246377,470.13033980582526,507.69566502463056,111,0.10882352941176471,453,0.4441176470588235,114,0.11176470588235295,1020,443,8,0.004207556276065193,5.35,0.4009076398515908,1.8719866952766777
139,Ibicuitinga,456.6666666666667,455.03205128205127,456.15270270270275,468.54487179487177,446.53783783783786,461.60513513513513,11,0.10679611650485436,98,0.9514563106796117,11,0.10679611650485436,103,103,0,0.00042488068277913215,4.3,-1.1100314992222096,-0.5837854305239465
140,Moraújo,572.6027397260274,490.7232876712329,513.695652173913,482.0589041095891,453.4304347826087,506.51565217391305,9,0.10465116279069768,72,0.8372093023255814,9,0.10465116279069768,86,86,0,0.0003547547448447123,4.9,0.36222447424178345,0.8195129270764117
141,Beberibe,584.9165120593692,487.8871057513915,491.5380133715377,491.2134508348794,461.53333333333336,505.14179732313573,130,0.10252365930599369,897,0.7074132492113565,137,0.10804416403785488,1268,672,0,0.0052305699588732,4.9,0.31718678275889706,0.8195129270764117
142,Ibaretama,407.96875,445.34921875,434.68671875,443.91484375,427.47578125,431.8790625,13,0.10077519379844961,119,0.9224806201550387,13,0.10077519379844961,129,129,0,0.0005321321172670685,4.1,-2.0845112177904452,-1.051551549724066
143,Itatira,610.187969924812,456.06842105263155,466.4897142857143,457.046992481203,439.3064761904762,488.63523076923076,65,0.10030864197530864,516,0.7962962962962963,66,0.10185185185185185,648,322,0,0.002673035751853181,4.0,-0.2239312629181127,-1.2854346093241247
144,Graça,421.49532710280374,465.19532710280373,459.58130841121493,448.18037383177574,431.3869158878505,445.8590566037736,12,0.1,106,0.8833333333333333,12,0.1,120,120,0,0.000495006620713552,4.5,-1.6262192366382249,-0.1160193113238271
145,Mulungu,579.8550724637681,479.584420289855,467.5596296296296,475.83804347826083,448.1925925925926,493.57856060606065,36,0.09944751381215469,206,0.569060773480663,40,0.11049723756906077,362,110,0,0.001493269972485882,4.9,-0.06187908982040499,0.8195129270764117
146,Tururu,470.2409638554217,443.3740963855422,434.52256097560974,459.6385542168675,430.4512195121951,448.36121951219513,19,0.0979381443298969,102,0.5257731958762887,20,0.10309278350515463,194,194,0,0.0008002607034869091,4.3,-1.544193365385777,-0.5837854305239465
147,Fortim,446.7692307692308,442.9523076923077,461.660294117647,462.42769230769227,442.21029411764704,450.9003125,15,0.09036144578313253,106,0.6385542168674698,15,0.09036144578313253,166,166,0,0.000684759158653747,4.0,-1.4609568527611618,-1.2854346093241247
148,Frecheirinha,550.4424778761062,463.41150442477874,485.0548672566371,469.7433628318584,441.9513274336283,483.3987272727273,13,0.09027777777777778,132,0.9166666666666666,14,0.09722222222222222,144,144,0,0.0005940079448562625,4.6,-0.39559425103592016,0.11786374827623156
149,Ararendá,435.036496350365,439.86861313868616,441.4355555555556,438.1912408759124,432.4540740740741,436.636,15,0.08875739644970414,144,0.8520710059171598,16,0.09467455621301775,169,169,0,0.0006971343241715858,6.9,-1.9285693558046917,5.497174119077601
150,Abaiara,575.8823529411765,464.4808823529412,461.8476923076923,457.9808823529412,450.4492307692308,485.4541538461539,7,0.0875,74,0.925,7,0.0875,80,80,0,0.0003300044138090347,4.1,-0.32821328438770664,-1.051551549724066
151,Cariús,530.1470588235294,456.11911764705883,480.2761194029851,456.22499999999997,450.95746268656717,476.00955223880595,12,0.08633093525179857,125,0.8992805755395683,12,0.08633093525179857,139,139,0,0.0005733826689931977,5.5,-0.6378260889207621,2.222811284676768
152,Jaguaribara,490.63829787234044,447.9553191489362,456.85268817204303,458.01914893617027,436.3967741935484,457.7135483870968,12,0.08571428571428572,116,0.8285714285714286,16,0.11428571428571428,140,140,0,0.0005775077241658108,3.8,-1.2376054443430302,-1.753200728524244
153,Quixelô,563.939393939394,490.1439393939394,492.6540983606558,490.20151515151514,469.20655737704914,507.27114754098363,9,0.08490566037735849,96,0.9056603773584906,9,0.08490566037735849,106,106,0,0.00043725584829697097,4.4,0.38699111333733505,-0.34990237092388576
154,Saboeiro,548.5057471264367,442.0954022988506,451.77530864197536,458.60459770114943,433.24074074074076,473.75160493827156,13,0.08280254777070063,75,0.47770700636942676,13,0.08280254777070063,157,157,0,0.0006476336621002305,4.0,-0.7118460873569484,-1.2854346093241247
155,Palhano,517.1929824561404,473.6333333333333,471.0910714285714,474.99122807017545,435.7375,481.5058181818182,7,0.08139534883720931,37,0.43023255813953487,7,0.08139534883720931,86,86,0,0.0003547547448447123,4.6,-0.4576475717293537,0.11786374827623156
156,Tarrafas,596.1290322580645,481.2935483870968,486.3,475.0193548387097,444.81475409836065,497.15442622950815,6,0.08108108108108109,67,0.9054054054054054,6,0.08108108108108109,74,74,0,0.0003052540827733571,4.5,0.05534488958467339,-0.1160193113238271
157,Piquet Carneiro,418.5507246376812,470.6507246376812,488.5115942028986,467.47971014492754,452.1159420289855,462.7725373134328,8,0.08,88,0.88,8,0.08,100,100,0,0.0004125055172612934,4.4,-1.071761736508287,-0.34990237092388576
158,Itapiúna,444.8076923076923,447.75961538461536,440.8188118811881,456.9115384615385,438.24257425742576,446.7390099009901,13,0.0718232044198895,137,0.7569060773480663,13,0.0718232044198895,181,181,0,0.000746634986242941,4.0,-1.5973726193285707,-1.2854346093241247
159,Guaramiranga,393.7142857142857,440.43428571428575,428.9935483870967,446.6942857142857,437.63870967741934,429.40903225806454,4,0.07142857142857142,43,0.7678571428571429,4,0.07142857142857142,56,56,0,0.00023100308966632428,4.3,-2.165483716396645,-0.5837854305239465
160,Antonina do Norte,458.5964912280702,455.2385964912281,440.8357142857143,457.82631578947365,417.2160714285714,445.73035714285714,6,0.06976744186046512,78,0.9069767441860465,6,0.06976744186046512,86,86,0,0.0003547547448447123,4.1,-1.6304382606577483,-1.051551549724066
161,Amontada,559.9537037037037,472.0638888888889,493.4062721893491,480.1041666666667,453.6685207100592,495.02857831325304,75,0.06957328385899815,548,0.5083487940630798,81,0.075139146567718,1078,515,0,0.004446809476076743,4.966666666666666,-0.014344628589436142,0.975434966809782
162,Chorozinho,426.07142857142856,462.1761904761905,445.76073619631904,462.0601190476191,446.75889570552147,448.73165644171775,14,0.06930693069306931,193,0.9554455445544554,15,0.07425742574257425,202,202,0,0.0008332611448678126,4.55,-1.5320497068790084,0.0009222184762022305
163,Tejuçuoca,519.578947368421,474.25684210526316,484.8169934640523,482.91705263157894,455.2930283224401,483.8392543859649,35,0.06493506493506493,300,0.5565862708719852,38,0.07050092764378478,539,175,0,0.0022234047380383713,4.6,-0.3811528970569189,0.11786374827623156
164,Morrinhos,528.0168776371308,449.5535864978903,458.9502127659575,459.0333333333333,436.0153191489362,466.0834893617021,16,0.0622568093385214,238,0.9260700389105059,16,0.0622568093385214,257,232,25,0.001060139179361524,4.75,-0.9632221504084787,0.4686883376763216
165,Potengi,663.2,480.2506666666667,470.1397260273972,490.0586666666667,448.1808219178082,514.6076712328767,7,0.056451612903225805,119,0.9596774193548387,7,0.056451612903225805,124,124,0,0.0005115068414040038,4.2,0.6274969356266512,-0.8176684901240052
166,Ipaporanga,548.9795918367347,440.4479591836735,446.7680412371134,455.6591836734694,443.501030927835,467.13979381443295,6,0.056074766355140186,102,0.9532710280373832,6,0.056074766355140186,107,107,0,0.00044138090346958393,4.4,-0.9285943918594777,-0.34990237092388576
167,Capistrano,392.3076923076923,436.7278846153846,428.49514563106794,441.3394230769231,427.0747572815534,425.30254901960785,9,0.05521472392638037,138,0.8466257668711656,9,0.05521472392638037,163,163,0,0.0006723839931359082,3.9,-2.300102395414021,-1.5193176689241843
168,Apuiarés,461.6528925619835,469.698347107438,471.5529411764706,462.4066115702479,451.0579831932773,465.0484033613446,7,0.05303030303030303,107,0.8106060606060606,7,0.05303030303030303,132,132,0,0.0005445072827849072,4.7,-0.9971543259334119,0.3517468078762923
169,Salitre,450.1818181818182,445.2754545454546,446.0490566037736,445.2845454545455,427.188679245283,448.11844660194174,8,0.050955414012738856,119,0.7579617834394905,8,0.050955414012738856,157,157,0,0.0006476336621002305,3.9,-1.5521519437073574,-1.5193176689241843
170,Guaiúba,544.4915254237288,459.1194915254237,463.6263157894737,468.35974576271184,453.9267543859649,481.6869298245614,14,0.050724637681159424,241,0.8731884057971014,14,0.050724637681159424,276,276,0,0.0011385152276411697,4.35,-0.45171037226085714,-0.4668439007239172
171,São Luís do Curu,447.2093023255814,444.8,427.99397590361446,449.0941860465116,427.83855421686746,441.98048780487807,5,0.050505050505050504,82,0.8282828282828283,5,0.050505050505050504,99,99,0,0.00040838046208868043,4.4,-1.7533664275230343,-0.34990237092388576
172,Paramoti,475.1515151515151,460.9606060606061,451.78253968253966,467.9606060606061,441.8666666666666,464.13936507936506,4,0.04819277108433735,64,0.7710843373493976,4,0.04819277108433735,83,83,0,0.0003423795793268735,4.5,-1.0269544068275198,-0.1160193113238271
173,Choró,509.7142857142857,463.17,452.7173913043478,464.72999999999996,441.5289855072464,468.64521739130436,6,0.046511627906976744,117,0.9069767441860465,6,0.046511627906976744,129,129,0,0.0005321321172670685,4.2,-0.8792436161440982,-0.8176684901240052
174,Jati,401.6666666666667,418.74305555555554,428.71617647058827,428.3208333333333,423.97499999999997,426.4373134328358,4,0.046511627906976744,65,0.7558139534883721,5,0.05813953488372093,86,86,0,0.0003547547448447123,4.1,-2.262902563481409,-1.051551549724066
175,Umirim,381.46666666666664,435.008,427.6278911564626,436.74600000000004,426.57891156462586,424.17305555555555,8,0.04519774011299435,21,0.11864406779661017,9,0.05084745762711865,177,155,22,0.0007301347655524893,4.1,-2.3371294351607177,-1.051551549724066
176,Croatá,506.3917525773196,467.8030927835052,458.0168539325843,469.79484536082475,451.17191011235957,473.94741573033707,6,0.040268456375838924,107,0.7181208053691275,6,0.040268456375838924,149,149,0,0.0006146332207193271,4.3,-0.7054270205704706,-0.5837854305239465
177,Pires Ferreira,384.3181818181818,419.89659090909095,436.15348837209297,426.96590909090907,416.4488372093023,415.8750588235294,4,0.04,37,0.37,5,0.05,100,100,0,0.0004125055172612934,5.55,-2.6091542538899617,2.339752814476797
178,Baixio,501.2903225806452,437.4774193548387,454.42068965517245,438.1548387096774,433.0931034482759,455.8413793103448,2,0.03508771929824561,54,0.9473684210526315,2,0.03508771929824561,57,57,0,0.00023512814483893723,4.0,-1.2989788661676507,-1.2854346093241247
179,Catunda,449.5774647887324,444.3887323943662,440.7260869565217,449.9718309859155,417.5652173913044,441.37333333333333,2,0.021739130434782608,86,0.9347826086956522,2,0.021739130434782608,92,92,0,0.0003795050758803899,4.5,-1.7732701573503993,-0.1160193113238271
180,Miraíma,421.25714285714287,437.0514285714286,436.8588235294118,447.12857142857143,416.63117647058823,434.4672189349113,3,0.01507537688442211,195,0.9798994974874372,3,0.01507537688442211,199,199,0,0.0008208859793499738,4.15,-1.9996663078940102,-0.9346100199240345
181,Arneiroz,408.95522388059703,461.120895522388,462.4634920634921,458.6671641791045,447.9888888888889,452.6941935483871,1,0.010869565217391304,77,0.8369565217391305,1,0.010869565217391304,92,92,0,0.0003795050758803899,4.3,-1.4021498680432758,-0.5837854305239465
182,Catarina,360.9230769230769,430.51692307692304,462.69682539682543,445.9230769230769,426.9714285714286,430.4206451612903,0,0.0,100,1.0,0,0.0,100,100,0,0.0004125055172612934,4.2,-2.1323210356303255,-0.8176684901240052
183,General Sampaio,392.20338983050846,440.928813559322,432.5611111111111,449.03050847457627,433.3574074074074,431.26,0,0.0,91,1.0,0,0.0,91,91,0,0.000375380020707777,4.1,-2.1048053164485743,-1.051551549724066
